subject,TrialID,n_fit_bins,n_all_bins,SSE_ctmc_fixed,SSE_oqs_fixed,SSE_hybrid_fixed,w_fixed,SSE_ctmc_data,SSE_oqs_data,SSE_hybrid_data,w_data
anh,9,11,15,0.005860943450221574,0.005965399862123582,0.005965397945310393,0.9568667414719806,0.0065713155003786355,0.006740900160448563,0.006744332873035865,0.9621938681325514
anh,12,9,15,0.14655070406039075,0.1465507040603904,0.1465507040603905,1.0,0.1668051273696736,0.16680512736967282,0.16680512736967262,0.3440796430384399
anh,15,6,15,0.20093537562974653,0.20093537563040212,0.20093537562975378,0.3186686067580593,0.21548294512331662,0.21548294512331678,0.21548294512331592,0.36355759120735903
anh,25,13,15,1.1357516223010196,1.1098952555169357,1.176056915814885,0.8850073442899096,0.5818883770452313,0.5950952134964557,0.5950952134962607,0.6300726599818616
anh,28,10,15,0.15620360688440363,0.15608449302686492,0.15628273162012382,0.9325795075629887,0.13768635076241986,0.12012317003245869,0.12012317003245734,0.0
anh,33,10,15,2.208588981620496,2.1499838963481057,2.2852243273035766,0.6319724348362269,2.3348173918085413,2.1446448512424716,2.1999881791322893,0.6535210207596293
duy,9,14,15,0.5025873510635421,0.49009567107371355,0.505221956440512,1.0,0.05188940798223897,0.0503139703554846,0.050313970067951755,0.8963778325042303
duy,12,8,15,2.3408705170329336,2.8590246938646056,3.4225321853417965,1.0,1.3416985003078423,1.157329594472377,1.1727407799059617,0.0
duy,15,14,15,4.562820395238285,4.04465337150047,4.406437739554999,0.5989514706478148,4.165454738616263,3.380541886656223,3.380541886656198,0.3791268576557635
duy,22,8,15,1.835016628632527,2.1072395540353477,2.2284180865233347,0.6707065336384415,0.9362108917302855,0.7423023260196719,0.7423023260198099,0.2672412164078412
duy,25,8,15,0.5383165883575798,0.520821417144534,0.5412199347726043,1.0,0.08624548728266786,0.08670125502463986,0.08670125500890405,0.6235796123688738
duy,28,6,15,0.5280188194956891,0.5005433548746346,0.5312313176819361,1.0,0.05514573253014837,0.03815254480970626,0.03815254480970624,0.5600931124748992
ha,33,9,15,0.5837456802222567,0.5889912640615417,0.6037647165368264,1.0,0.23411140615232026,0.22874253311447937,0.2287425331144796,0.0
hai,12,8,15,2.346006608908952,2.543518997992839,3.046689628531004,1.0,1.9505627343350407,1.1759463982448044,1.1759463982448055,0.3618004752667447
hai,15,11,15,0.3763698012519552,0.3775735233749388,0.377573523374942,0.7467936708917637,0.3738578350089069,0.373857835008912,0.37385783500890746,0.41102305022528607
hai,25,12,15,0.17658891704834187,0.18316558794547444,0.2111449103268029,1.0,0.11389881222350322,0.13876684386905244,0.13876684386935728,0.7994886857113688
hai,33,12,15,1.3367547513494293,1.3774712063385806,1.3774712063385803,0.6906376778931994,1.3886166277683554,1.4220378713330606,1.4220378713330548,0.34658445609342586
huy,12,7,15,0.8257869628982859,0.8036623225981899,0.8473251984584135,1.0,0.3439479738915541,0.35706852678059187,0.3570685267807745,0.3527717557197877
huy,15,13,15,2.95612393030896,4.602393342361345,4.602393342370527,0.7194727103533315,1.9176229903427584,2.0332928082720736,2.0332928082720665,0.38379062954848053
huy,25,8,15,0.18637644252061494,0.19389602073644094,0.20569050464563537,1.0,0.15315331207172792,0.15315331207162852,0.15315331207162994,0.062269941265889674
huy,28,10,15,2.6757695513429143,2.8142758048843035,2.8142758048843017,0.37194549760554635,2.394868370543442,1.240545844898172,1.2405458448981723,0.0
huy,33,10,15,2.8367110847855854,2.6537435737946073,2.700134982148597,0.7056474086878682,2.7747366661521395,2.6649105081586524,2.7049757705727204,0.3565519641959573
huy,36,8,15,0.7312190962875325,0.8077867879411301,0.8077867875138384,1.0,0.7098957988748109,1.3471427223148242,1.3471913123331365,0.8357505256647464
lan,22,10,15,0.3414529169002293,0.3248566404576588,0.3701633072857601,1.0,0.31342990714593183,0.28413270892303694,0.284132708923227,0.726003616661007
lan,25,8,15,0.8819715509395101,1.0623632733216262,1.0623632733194242,0.8655453451798832,0.8010421421240742,1.440557952243543,1.4981826083050505,0.8034267982680217
lan,33,10,15,2.2913444640697955,3.387782664739621,3.397806008184304,0.6754086980844194,1.5007424740679622,0.6996810259355576,0.699681025935637,0.026890469570272576
minh,9,8,15,1.4288521004181778,1.8180430557918608,1.8180430557918674,0.6509674737563662,0.7765955980727434,0.7767437694743146,0.776743769478127,0.1859159049933344
ngan,12,8,15,1.791436370734249,2.385059998153948,2.505711836409695,0.6894844578745677,0.5448572892568411,0.14673856967978907,0.1467385696797891,0.0
ngan,22,10,15,0.7481327003786123,0.7299923852323833,0.7599699034158699,1.0,0.2839087135473859,0.2933262714983148,0.2933262714940863,0.39349876552790297
ngan,25,9,15,0.19821927897951747,0.2095760535750145,0.20957605358027598,0.7353481105981957,0.17699418027588,0.1501371008573107,0.15013710085732832,0.7901430720315268
ngan,28,7,15,0.44343937579775505,0.4478341713421839,0.4478341713422399,0.6883459322248556,0.45125210990278075,0.8933944730479293,0.9120622653218604,0.8819779703518698
ngan,33,12,15,1.8571154829117158,3.178560621753408,3.178560621751563,0.46212292578091757,0.651710976227027,0.41586201908243087,0.4158620190824316,0.24884100121714847
ngan,36,6,15,0.03848059115039016,0.03848059115227733,0.03848059115038898,0.6459927017386067,0.04576353845258341,0.04576353845253448,0.04576353845270215,0.40545067367672555
ngoc,9,6,15,0.3360468298257143,0.4367433344625428,0.43674333445097074,0.3502165204015905,0.25766254888626977,0.6083368964036986,0.6084611148348402,0.8465296321774408
ngoc,22,11,15,0.07412015218261807,0.07371570877236429,0.074132003731364,1.0,0.04521664991944303,0.04481363410548402,0.04481363365174701,0.9269262403914158
ngoc,28,9,15,0.5242510856722173,0.507899574781422,0.5078995747815186,0.8242951129531723,0.4215500496815564,1.2239475543486096,1.2670424760600572,0.8416657798128443
ngoc,33,9,15,1.336208854113061,1.5053357581053546,1.5053357581118207,0.999999225992952,1.2987971305587207,2.0282336204426055,2.028233620438293,0.699388622838036
phuong,9,9,15,2.0367755708131794,2.416934395605825,2.4169343956058107,0.30048141557259134,2.9378245682225033,1.369109319443536,1.3691093194435109,0.0
phuong,28,12,15,0.7938802827921094,0.8190126014790681,0.8406917782533057,0.9005141246212913,0.5236655857969874,0.5148918913770794,0.5148918913770899,0.0
phuong,33,11,15,0.48126647723923777,0.4582394810663409,0.4961337358297112,1.0,0.42258323477476484,0.40413977621620323,0.45054271138947816,0.9939867389612128
qnhu,9,9,15,3.2797253194466505,3.0651807515910114,3.265364112645031,0.5376543858333336,3.2441937960377745,3.0398858233824946,1.8126952626727064,0.0
qnhu,15,7,15,0.9172559455149711,0.7606511862873326,0.8383205920380401,0.7204844593862065,0.8482593946886144,0.6652498311584216,0.6652498311579955,0.5239764052020948
qnhu,22,9,15,0.8144373841371357,1.0044680569984306,1.004468057112426,0.9999999003650961,0.7463451118276927,1.3839823701939384,1.3881345750992593,0.7826039060997946
qnhu,33,7,15,1.7624442228921364,2.00410570490499,2.004105704904837,0.5899170293976133,1.7346552546224117,1.6134073916196074,1.6134073916198246,0.08739362848811612
qnhu,36,6,15,1.7631487578657232,1.5611816343235025,1.7936829432241201,0.6482203031735584,0.8233595723421914,0.5503044020883943,0.5503044020883567,0.7196080929941893
quan,15,9,15,0.31548237183915695,0.3333768531935669,0.33337685319355276,0.8093458261423607,0.3143910090690941,0.2971633218952002,0.2971633218952867,0.9208467205398344
quan,22,13,15,2.821875612922808,3.0154259450730083,3.1061103703272197,0.6793759611436271,2.2812770593148124,1.7441481970994763,1.7441481970995425,0.028355916160746564
quan,25,13,15,0.6396084881057711,0.6173239845462811,0.6510394659138211,1.0,0.1536703309806231,0.1265641924135061,0.12656419241346709,0.0
quan,28,8,15,0.025414983451737722,0.025429265255457707,0.025429265255460697,0.895953171563309,0.05985799405037959,0.05985799405037849,0.059857994050376784,0.31674728791905016
quan,36,5,15,0.281560834207174,0.26940311847109205,0.2747076493767926,0.7721275887721053,0.2407609652147423,0.19265947897034122,0.19265947897024954,0.8136313081355722
tan,12,6,15,0.19195106084531338,0.22896463067867615,0.2289646306801541,0.5748979324891189,0.11878313880064958,0.11826671409378815,0.11826671409382267,0.8820976519258086
tan,15,6,15,0.3928117249111256,0.42273787054992745,0.42273787054973855,0.8531692338442421,0.3686279776426772,0.3528763061891018,0.35287630618910126,0.0
tan,28,7,15,0.48274754101261785,0.47073596757903435,0.4820456778250517,1.0,0.0356546603555373,0.030411973767287864,0.03041197376685538,0.8402674499758537
thao,25,11,15,0.9224299358534709,0.9648621488694026,0.9814115605151469,0.8780892769696115,0.6740664942790218,0.7561455187446037,0.756145518744599,0.5417965826247515
thao,33,7,15,0.9903996074484217,0.9191068481614372,1.1552781700223729,1.0,0.3967310625658148,0.40847307137220473,0.40847307137220623,0.10645758643081793
tho,9,8,15,1.0575979631267811,1.4437591293278609,1.4437591293271232,0.9999999798765347,0.6134324150672831,2.0900788245850066,1.1357288544344337,0.0
tho,15,11,15,4.188521327237495,3.974249125552296,4.536517458623971,0.7214572069285125,3.418959109545948,1.267570791820528,1.2675707918205306,0.27781551105819885
tho,22,7,15,0.9917810537744962,1.0081457256151654,1.008145725615226,0.7691234479399627,0.9676782426706132,0.896090203670163,0.8960902036703022,0.15775493459916115
tho,28,10,15,2.254511719599245,2.9071343831354066,3.049781502166133,0.6686954807870179,1.1417468283022327,0.7216859523871096,0.7216859523871118,0.059783012754947705
tho,33,9,15,1.3630106294413515,1.301337532790682,1.3240376158891198,0.5661217147348413,1.3179071648667184,1.1997984618947473,1.1997984618948905,0.4919174447702903
tho,36,7,15,1.5141214562115588,1.4429497517500736,1.5437900655760497,0.5727873791447556,0.5327956039288114,0.4899776870369596,0.48851574519201335,0.0
thong,9,12,15,1.339973272171237,1.329604346170212,1.3296043463783038,0.7502417878758422,1.303895273547173,1.3188488548178303,1.3188488548179835,0.5705391233007268
thong,12,6,15,1.3886192999869476,1.2682992575986753,1.3945652186589585,0.5056416926071748,1.3292892322959406,1.212120571292756,0.6955241500336167,0.015598980045219391
thong,15,9,15,0.8357807225298605,0.8701651696463224,0.8953001952844322,1.0,0.42846240180810974,0.5158470785843342,0.5086380692271866,0.10373717322094249
thong,22,6,15,0.3173551493700749,0.34296067463488694,0.3438218500924175,1.0,0.22476303379414128,0.22476303379522503,0.22476303379461987,0.3874278682822319
thong,28,11,15,3.1627556759584317,2.8121878631856427,3.085515341324036,0.7008633520705525,1.7975029699242246,1.1847323743815772,1.1847323743815759,0.0768142565601715
thong,36,7,15,0.8877424983439179,0.9482401591845713,0.9482401591828055,0.8301719959830146,0.8697937916253143,1.5674064079083,1.5674064079076913,0.6412535514142681
thuy,12,9,15,1.9602311281457456,2.1362293935410492,2.1428043049947294,0.4979604229977461,1.9374390132268102,0.9697635490131333,0.9697635490131349,0.0
thuy,15,7,15,1.70757828668875,1.6824276344346971,1.6824276344346827,0.21964380296693786,1.6880395761589067,0.8483482481697395,1.594417129761301,0.2608397335752959
thuy,28,13,15,4.1810442091159015,4.527979762808584,4.527979762813832,0.6825923125607434,5.146395528622558,3.8190384071165573,4.18279876983251,0.0
thuy,36,8,15,1.8906946045682687,1.7373760182830689,1.8942102312697031,0.6824938770290688,1.4009584679824136,1.5016348690203598,1.5016348690203936,0.517588941083735
tram,9,10,15,2.2944062263631553,2.5582538948510845,2.5582538948531717,1.0,2.1756060153016206,1.8575246967516672,1.8870704341226887,0.0
tram,15,7,15,0.0034199361897072696,0.0034199361896110623,0.0034199361896048975,1.0,0.005068867978009448,0.005068867975852725,0.005068867975923207,0.5639076810920366
tram,22,11,15,0.776317797978956,0.7288622174698556,0.8114438504674185,1.0,0.4831421441782901,0.44814213745312614,0.44814213745315123,0.6230827161853579
trinh,9,5,15,8.768966783525095e-10,2.2215525587424793e-08,1.0329963012564778e-08,1.0,0.0,0.0,0.0,1.0
trinh,25,9,15,2.2234555537367338,1.9188317997415039,2.1285561253812504,0.731104117569592,1.3827849146222104,1.2923896692867518,1.2923896692861487,0.7085933227501436
trinh,28,12,15,0.9432750650646802,0.8912547287378823,0.9803317346180477,1.0,0.35177288271590035,0.2558841926031271,0.25588419260312695,0.0
yen,15,9,15,0.7693700577303616,0.8824446471227081,0.8860667088596823,1.0,0.4301886052650546,0.6254016428248456,0.625401642819483,0.7958150426311875
yen,22,12,15,2.091911255206573,2.6054254336725977,2.605425433672601,0.46237095751008206,1.177503267765095,1.9775751262721057,1.9775751262726655,0.11799211398598895
yen,25,12,15,2.4684124536032748,2.4182721104877594,2.4902644138663717,0.8105673466796549,1.909789081931506,1.9482808888226777,1.9482808888235907,0.747287683347645
yen,28,12,15,3.039212132632071,4.0773970914908375,4.088064908520646,0.6445492304906648,3.2295271750242067,3.863325248343192,3.8633252483380875,0.5546197672146651
yen,33,10,15,1.4788308803510883,1.4301618223394874,1.4301618223394863,0.3395816858856145,1.5029510395332935,1.5883502669193588,1.588350266919341,1.0
